<?xml version="1.0" encoding="UTF-8" standalone="yes"?>
<ns2:ExportManifest xmlns:ns2="http://www.pentaho.com/schema/">
    <ExportManifestInformation exportDate="01-07-2017 10:12:14 BST" exportBy="admin" rootFolder="/home/" manifestVersion="2"/>
    <ExportManifestEntity path="admin">
        <ExportManifestProperty>
            <EntityMetaData name="admin" createdDate="2017-06-29T00:26:31.485+01:00" isFolder="true" path="admin" isHidden="false" isSchedulable="false" locale="pt_PT" title="admin"/>
        </ExportManifestProperty>
        <ExportManifestProperty>
            <EntityAcl>
                <aces>
                    <permissions>ALL</permissions>
                    <recipient>admin</recipient>
                    <recipientType>USER</recipientType>
                </aces>
                <entriesInheriting>false</entriesInheriting>
                <owner>admin</owner>
                <ownerType>USER</ownerType>
            </EntityAcl>
        </ExportManifestProperty>
    </ExportManifestEntity>
    <ExportManifestEntity path="admin/Financeira">
        <ExportManifestProperty>
            <EntityMetaData name="Financeira" createdDate="2017-06-29T02:08:24.079+01:00" isFolder="true" path="admin/Financeira" isHidden="false" isSchedulable="false" locale="pt_PT" title="Financeira"/>
        </ExportManifestProperty>
        <ExportManifestProperty>
            <EntityAcl>
                <entriesInheriting>true</entriesInheriting>
                <owner>admin</owner>
                <ownerType>USER</ownerType>
            </EntityAcl>
        </ExportManifestProperty>
    </ExportManifestEntity>
    <ExportManifestEntity path="admin/Financeira/dashboard.xdash">
        <ExportManifestProperty>
            <EntityMetaData name="dashboard.xdash" createdDate="2017-06-29T02:21:57.572+01:00" isFolder="false" path="admin/Financeira/dashboard.xdash" isHidden="false" isSchedulable="true" locale="pt_PT" description="dashboard.xdash" title="dashboard"/>
        </ExportManifestProperty>
        <ExportManifestProperty>
            <EntityAcl>
                <entriesInheriting>true</entriesInheriting>
                <owner>admin</owner>
                <ownerType>USER</ownerType>
            </EntityAcl>
        </ExportManifestProperty>
    </ExportManifestEntity>
    <ExportManifestEntity path="admin/Financeira/dinheiroGanhoPorAno.xanalyzer">
        <ExportManifestProperty>
            <EntityMetaData name="dinheiroGanhoPorAno.xanalyzer" createdDate="2017-06-29T02:16:23.125+01:00" isFolder="false" path="admin/Financeira/dinheiroGanhoPorAno.xanalyzer" isHidden="false" isSchedulable="true" locale="pt_PT" title="dinheiroGanhoPorAno"/>
        </ExportManifestProperty>
        <ExportManifestProperty>
            <EntityAcl>
                <entriesInheriting>true</entriesInheriting>
                <owner>admin</owner>
                <ownerType>USER</ownerType>
            </EntityAcl>
        </ExportManifestProperty>
    </ExportManifestEntity>
    <ExportManifestEntity path="admin/Financeira/quantidadeDiaSemana.xanalyzer">
        <ExportManifestProperty>
            <EntityMetaData name="quantidadeDiaSemana.xanalyzer" createdDate="2017-06-29T02:13:46.429+01:00" isFolder="false" path="admin/Financeira/quantidadeDiaSemana.xanalyzer" isHidden="false" isSchedulable="true" locale="pt_PT" title="quantidadeDiaSemana"/>
        </ExportManifestProperty>
        <ExportManifestProperty>
            <EntityAcl>
                <entriesInheriting>true</entriesInheriting>
                <owner>admin</owner>
                <ownerType>USER</ownerType>
            </EntityAcl>
        </ExportManifestProperty>
    </ExportManifestEntity>
    <ExportManifestEntity path="admin/Financeira/quantidadeVendidaAno.xanalyzer">
        <ExportManifestProperty>
            <EntityMetaData name="quantidadeVendidaAno.xanalyzer" createdDate="2017-06-29T02:17:21.233+01:00" isFolder="false" path="admin/Financeira/quantidadeVendidaAno.xanalyzer" isHidden="false" isSchedulable="true" locale="pt_PT" title="quantidadeVendidaAno"/>
        </ExportManifestProperty>
        <ExportManifestProperty>
            <EntityAcl>
                <entriesInheriting>true</entriesInheriting>
                <owner>admin</owner>
                <ownerType>USER</ownerType>
            </EntityAcl>
        </ExportManifestProperty>
    </ExportManifestEntity>
    <ExportManifestEntity path="admin/Marketing">
        <ExportManifestProperty>
            <EntityMetaData name="Marketing" createdDate="2017-06-29T02:11:36.769+01:00" isFolder="true" path="admin/Marketing" isHidden="false" isSchedulable="false" locale="pt_PT" title="Marketing"/>
        </ExportManifestProperty>
        <ExportManifestProperty>
            <EntityAcl>
                <entriesInheriting>true</entriesInheriting>
                <owner>admin</owner>
                <ownerType>USER</ownerType>
            </EntityAcl>
        </ExportManifestProperty>
    </ExportManifestEntity>
    <ExportManifestEntity path="admin/Marketing/JogoPorSexo.xanalyzer">
        <ExportManifestProperty>
            <EntityMetaData name="JogoPorSexo.xanalyzer" createdDate="2017-06-29T04:10:01.293+01:00" isFolder="false" path="admin/Marketing/JogoPorSexo.xanalyzer" isHidden="false" isSchedulable="true" locale="pt_PT" title="JogoPorSexo"/>
        </ExportManifestProperty>
        <ExportManifestProperty>
            <EntityAcl>
                <entriesInheriting>true</entriesInheriting>
                <owner>admin</owner>
                <ownerType>USER</ownerType>
            </EntityAcl>
        </ExportManifestProperty>
    </ExportManifestEntity>
    <ExportManifestEntity path="admin/Marketing/Paises.xanalyzer">
        <ExportManifestProperty>
            <EntityMetaData name="Paises.xanalyzer" createdDate="2017-06-29T02:59:02.127+01:00" isFolder="false" path="admin/Marketing/Paises.xanalyzer" isHidden="false" isSchedulable="true" locale="pt_PT" title="Paises"/>
        </ExportManifestProperty>
        <ExportManifestProperty>
            <EntityAcl>
                <entriesInheriting>true</entriesInheriting>
                <owner>admin</owner>
                <ownerType>USER</ownerType>
            </EntityAcl>
        </ExportManifestProperty>
    </ExportManifestEntity>
    <ExportManifestEntity path="admin/Marketing/dashboard.xdash">
        <ExportManifestProperty>
            <EntityMetaData name="dashboard.xdash" createdDate="2017-06-29T04:19:21.841+01:00" isFolder="false" path="admin/Marketing/dashboard.xdash" isHidden="false" isSchedulable="true" locale="pt_PT" description="dashboard.xdash" title="dashboard"/>
        </ExportManifestProperty>
        <ExportManifestProperty>
            <EntityAcl>
                <entriesInheriting>true</entriesInheriting>
                <owner>admin</owner>
                <ownerType>USER</ownerType>
            </EntityAcl>
        </ExportManifestProperty>
    </ExportManifestEntity>
    <ExportManifestEntity path="admin/Marketing/top10Clientes.xanalyzer">
        <ExportManifestProperty>
            <EntityMetaData name="top10Clientes.xanalyzer" createdDate="2017-06-29T02:56:09.438+01:00" isFolder="false" path="admin/Marketing/top10Clientes.xanalyzer" isHidden="false" isSchedulable="true" locale="pt_PT" title="top10Clientes"/>
        </ExportManifestProperty>
        <ExportManifestProperty>
            <EntityAcl>
                <entriesInheriting>true</entriesInheriting>
                <owner>admin</owner>
                <ownerType>USER</ownerType>
            </EntityAcl>
        </ExportManifestProperty>
    </ExportManifestEntity>
    <ExportManifestEntity path="admin/Marketing/top10Jogos.xanalyzer">
        <ExportManifestProperty>
            <EntityMetaData name="top10Jogos.xanalyzer" createdDate="2017-06-29T02:57:08.496+01:00" isFolder="false" path="admin/Marketing/top10Jogos.xanalyzer" isHidden="false" isSchedulable="true" locale="pt_PT" title="top10Jogos"/>
        </ExportManifestProperty>
        <ExportManifestProperty>
            <EntityAcl>
                <entriesInheriting>true</entriesInheriting>
                <owner>admin</owner>
                <ownerType>USER</ownerType>
            </EntityAcl>
        </ExportManifestProperty>
    </ExportManifestEntity>
    <ExportManifestEntity path="admin/Stock">
        <ExportManifestProperty>
            <EntityMetaData name="Stock" createdDate="2017-06-29T02:08:51.208+01:00" isFolder="true" path="admin/Stock" isHidden="false" isSchedulable="false" locale="pt_PT" title="Stock"/>
        </ExportManifestProperty>
        <ExportManifestProperty>
            <EntityAcl>
                <entriesInheriting>true</entriesInheriting>
                <owner>admin</owner>
                <ownerType>USER</ownerType>
            </EntityAcl>
        </ExportManifestProperty>
    </ExportManifestEntity>
    <ExportManifestEntity path="admin/Stock/Dashboard.xdash">
        <ExportManifestProperty>
            <EntityMetaData name="Dashboard.xdash" createdDate="2017-06-29T02:53:38.675+01:00" isFolder="false" path="admin/Stock/Dashboard.xdash" isHidden="false" isSchedulable="true" locale="pt_PT" description="Dashboard.xdash" title="Dashboard"/>
        </ExportManifestProperty>
        <ExportManifestProperty>
            <EntityAcl>
                <entriesInheriting>true</entriesInheriting>
                <owner>admin</owner>
                <ownerType>USER</ownerType>
            </EntityAcl>
        </ExportManifestProperty>
    </ExportManifestEntity>
    <ExportManifestEntity path="admin/Stock/QuantidadeJogo.xanalyzer">
        <ExportManifestProperty>
            <EntityMetaData name="QuantidadeJogo.xanalyzer" createdDate="2017-06-29T02:46:31.429+01:00" isFolder="false" path="admin/Stock/QuantidadeJogo.xanalyzer" isHidden="false" isSchedulable="true" locale="pt_PT" title="QuantidadeJogo"/>
        </ExportManifestProperty>
        <ExportManifestProperty>
            <EntityAcl>
                <entriesInheriting>true</entriesInheriting>
                <owner>admin</owner>
                <ownerType>USER</ownerType>
            </EntityAcl>
        </ExportManifestProperty>
    </ExportManifestEntity>
    <ExportManifestEntity path="admin/Stock/QuantidadeProdutor.xanalyzer">
        <ExportManifestProperty>
            <EntityMetaData name="QuantidadeProdutor.xanalyzer" createdDate="2017-06-29T02:44:53.717+01:00" isFolder="false" path="admin/Stock/QuantidadeProdutor.xanalyzer" isHidden="false" isSchedulable="true" locale="pt_PT" title="QuantidadeProdutor"/>
        </ExportManifestProperty>
        <ExportManifestProperty>
            <EntityAcl>
                <entriesInheriting>true</entriesInheriting>
                <owner>admin</owner>
                <ownerType>USER</ownerType>
            </EntityAcl>
        </ExportManifestProperty>
    </ExportManifestEntity>
    <ExportManifestEntity path="admin/gastoPorSemana.xanalyzer">
        <ExportManifestProperty>
            <EntityMetaData name="gastoPorSemana.xanalyzer" createdDate="2017-06-29T02:07:23.145+01:00" isFolder="false" path="admin/gastoPorSemana.xanalyzer" isHidden="false" isSchedulable="true" locale="pt_PT" title="gastoPorSemana"/>
        </ExportManifestProperty>
        <ExportManifestProperty>
            <EntityAcl>
                <entriesInheriting>true</entriesInheriting>
                <owner>admin</owner>
                <ownerType>USER</ownerType>
            </EntityAcl>
        </ExportManifestProperty>
    </ExportManifestEntity>
</ns2:ExportManifest>
